<appaction uniquename="nlpc__ExportSegment!8d69d7eba4894756aef7e64f5af68a62!nlpc_SegmentExport!msdynmkt_virtualsegment!1">
  <appmoduleid>
    <uniquename>nlpc_SegmentExport</uniquename>
  </appmoduleid>
  <buttonlabeltext default="Export Segment">
    <label description="Export Segment" languagecode="1033" />
  </buttonlabeltext>
  <context>1</context>
  <contextentity>
    <logicalname>msdynmkt_virtualsegment</logicalname>
  </contextentity>
  <contextvalue>msdynmkt_virtualsegment</contextvalue>
  <hidden>0</hidden>
  <iconwebresourceid>
    <webresourceid>cfb1278a-a14a-ef11-a317-000d3a5cfeca</webresourceid>
  </iconwebresourceid>
  <iscustomizable>1</iscustomizable>
  <isdisabled>0</isdisabled>
  <isgrouptitlehidden>0</isgrouptitlehidden>
  <location>1</location>
  <name>ExportSegment!8d69d7eba4894756aef7e64f5af68a62</name>
  <onclickeventjavascriptfunctionname>NG.VirtualSegment.Ribbon.doExport</onclickeventjavascriptfunctionname>
  <onclickeventjavascriptparameters>[{"type":24}]</onclickeventjavascriptparameters>
  <onclickeventjavascriptwebresourceid>
    <webresourceid>b4fe4a27-a14a-ef11-a317-000d3a5cfeca</webresourceid>
  </onclickeventjavascriptwebresourceid>
  <onclickeventtype>2</onclickeventtype>
  <origin>0</origin>
  <sequence>1000100022.5000000000</sequence>
  <statecode>0</statecode>
  <statuscode>1</statuscode>
  <type>0</type>
  <visibilityformulacomponentlibraryid>
    <name>nlpc_segmentexportdefaultcommandlibrary_be0d3</name>
  </visibilityformulacomponentlibraryid>
  <visibilityformulacomponentname>5b354d17dd764917b6dbda02f89cd42f</visibilityformulacomponentname>
  <visibilityformulafunctionname>Visible</visibilityformulafunctionname>
  <visibilitytype>1</visibilitytype>
</appaction>