<ImportExportXml version="9.2.24063.184" SolutionPackageVersion="9.2" languagecode="1033" generatedBy="CrmLive" xmlns:xsi="http://www.w3.org/2001/XMLSchema-instance">
  <SolutionManifest>
    <UniqueName>SegmentExport</UniqueName>
    <LocalizedNames>
      <LocalizedName description="Customer Insights - Journeys RTM Segment Export" languagecode="1033" />
    </LocalizedNames>
    <Descriptions />
    <Version>1.0.0.4</Version>
    <Managed>1</Managed>
    <Publisher>
      <UniqueName>NLPConsulting</UniqueName>
      <LocalizedNames>
        <LocalizedName description="NLP Consulting" languagecode="1033" />
      </LocalizedNames>
      <Descriptions />
      <EMailAddress xsi:nil="true"></EMailAddress>
      <SupportingWebsiteUrl xsi:nil="true"></SupportingWebsiteUrl>
      <CustomizationPrefix>nlpc</CustomizationPrefix>
      <CustomizationOptionValuePrefix>69281</CustomizationOptionValuePrefix>
      <Addresses>
        <Address>
          <AddressNumber>1</AddressNumber>
          <AddressTypeCode>1</AddressTypeCode>
          <City xsi:nil="true"></City>
          <County xsi:nil="true"></County>
          <Country xsi:nil="true"></Country>
          <Fax xsi:nil="true"></Fax>
          <FreightTermsCode xsi:nil="true"></FreightTermsCode>
          <ImportSequenceNumber xsi:nil="true"></ImportSequenceNumber>
          <Latitude xsi:nil="true"></Latitude>
          <Line1 xsi:nil="true"></Line1>
          <Line2 xsi:nil="true"></Line2>
          <Line3 xsi:nil="true"></Line3>
          <Longitude xsi:nil="true"></Longitude>
          <Name xsi:nil="true"></Name>
          <PostalCode xsi:nil="true"></PostalCode>
          <PostOfficeBox xsi:nil="true"></PostOfficeBox>
          <PrimaryContactName xsi:nil="true"></PrimaryContactName>
          <ShippingMethodCode>1</ShippingMethodCode>
          <StateOrProvince xsi:nil="true"></StateOrProvince>
          <Telephone1 xsi:nil="true"></Telephone1>
          <Telephone2 xsi:nil="true"></Telephone2>
          <Telephone3 xsi:nil="true"></Telephone3>
          <TimeZoneRuleVersionNumber xsi:nil="true"></TimeZoneRuleVersionNumber>
          <UPSZone xsi:nil="true"></UPSZone>
          <UTCOffset xsi:nil="true"></UTCOffset>
          <UTCConversionTimeZoneCode xsi:nil="true"></UTCConversionTimeZoneCode>
        </Address>
        <Address>
          <AddressNumber>2</AddressNumber>
          <AddressTypeCode>1</AddressTypeCode>
          <City xsi:nil="true"></City>
          <County xsi:nil="true"></County>
          <Country xsi:nil="true"></Country>
          <Fax xsi:nil="true"></Fax>
          <FreightTermsCode xsi:nil="true"></FreightTermsCode>
          <ImportSequenceNumber xsi:nil="true"></ImportSequenceNumber>
          <Latitude xsi:nil="true"></Latitude>
          <Line1 xsi:nil="true"></Line1>
          <Line2 xsi:nil="true"></Line2>
          <Line3 xsi:nil="true"></Line3>
          <Longitude xsi:nil="true"></Longitude>
          <Name xsi:nil="true"></Name>
          <PostalCode xsi:nil="true"></PostalCode>
          <PostOfficeBox xsi:nil="true"></PostOfficeBox>
          <PrimaryContactName xsi:nil="true"></PrimaryContactName>
          <ShippingMethodCode>1</ShippingMethodCode>
          <StateOrProvince xsi:nil="true"></StateOrProvince>
          <Telephone1 xsi:nil="true"></Telephone1>
          <Telephone2 xsi:nil="true"></Telephone2>
          <Telephone3 xsi:nil="true"></Telephone3>
          <TimeZoneRuleVersionNumber xsi:nil="true"></TimeZoneRuleVersionNumber>
          <UPSZone xsi:nil="true"></UPSZone>
          <UTCOffset xsi:nil="true"></UTCOffset>
          <UTCConversionTimeZoneCode xsi:nil="true"></UTCConversionTimeZoneCode>
        </Address>
      </Addresses>
    </Publisher>
    <RootComponents>
      <RootComponent type="1" schemaName="msdynmkt_virtualsegment" behavior="2" />
      <RootComponent type="61" schemaName="nlpc_csv" behavior="0" />
      <RootComponent type="61" schemaName="nlpc_virtualsegmentribbon" behavior="0" />
      <RootComponent type="62" schemaName="nlpc_SegmentExport" behavior="0" />
      <RootComponent type="80" schemaName="nlpc_SegmentExport" behavior="0" />
      <RootComponent type="300" schemaName="nlpc_segmentexportdefaultcommandlibrary_be0d3" behavior="0" />
    </RootComponents>
    <MissingDependencies>
      <MissingDependency>
        <Required type="1" schemaName="msdynmkt_virtualsegment" displayName="Segment" solution="DynamicsMKT_CxpOrchestrationUI (1.1.43992.111)" />
        <Dependent type="1" schemaName="msdynmkt_virtualsegment" displayName="Segment" />
      </MissingDependency>
      <MissingDependency>
        <Required type="1" schemaName="msdynmkt_virtualsegment" displayName="Segment" solution="DynamicsMKT_CxpOrchestrationUI (1.1.43992.111)" />
        <Dependent type="300" schemaName="nlpc_segmentexportdefaultcommandlibrary_be0d3" displayName="SegmentExport_DefaultCommandLibrary" />
      </MissingDependency>
      <MissingDependency>
        <Required type="1" schemaName="msdynmkt_virtualsegment" displayName="Segment" solution="DynamicsMKT_CxpOrchestrationUI (1.1.43992.111)" />
        <Dependent type="62" schemaName="nlpc_SegmentExport" />
      </MissingDependency>
      <MissingDependency>
        <Required type="1" schemaName="msdynmkt_virtualsegment" displayName="Segment" solution="DynamicsMKT_CxpOrchestrationUI (1.1.43992.111)" />
        <Dependent type="80" schemaName="nlpc_SegmentExport" displayName="Segment Export" />
      </MissingDependency>
      <MissingDependency>
        <Required type="1" schemaName="msdynmkt_virtualsegment" displayName="Segment" solution="DynamicsMKT_CxpOrchestrationUI (1.1.43992.111)" />
        <Dependent type="appaction" displayName="nlpc__ExportSegment!8d69d7eba4894756aef7e64f5af68a62!nlpc_SegmentExport!msdynmkt_virtualsegment!1" id.uniquename="nlpc__ExportSegment!8d69d7eba4894756aef7e64f5af68a62!nlpc_SegmentExport!msdynmkt_virtualsegment!1" />
      </MissingDependency>
      <MissingDependency>
        <Required type="61" schemaName="msdyn_/Images/AppModule_Default_Icon.png" displayName="msdyn_/Images/AppModule_Default_Icon.png" solution="AppModuleWebResources (2.5)" />
        <Dependent type="80" schemaName="nlpc_SegmentExport" displayName="Segment Export" />
      </MissingDependency>
      <MissingDependency>
        <Required type="SettingDefinition" displayName="AppChannel" solution="msdyn_AppFrameworkInfraExtensions (1.0.0.11)" id.uniquename="AppChannel" />
        <Dependent type="AppSetting" displayName="parentappmoduleid.uniquename=nlpc_SegmentExport,settingdefinitionid.uniquename=AppChannel" id.parentappmoduleid.uniquename="nlpc_SegmentExport" id.settingdefinitionid.uniquename="AppChannel" />
      </MissingDependency>
    </MissingDependencies>
  </SolutionManifest>
</ImportExportXml>